contestant,Youtube Music Link,Musicbrainz link,youtube_views,youtube_subscribers,gender,area,genre,age_at_competition,manual_demographics
Kelly Clarkson,https://music.youtube.com/channel/UCpXP9-cHlJCMapSYCSZThbw,https://musicbrainz.org/artist/d339efbb-77b9-4147-ba9e-59f2f24550b2,628500330,46200,Female,"Burleson, Texas","pop, pop rock",19,False
Justin Guarini,https://music.youtube.com/channel/UCralI874LFvb1qq9xw7v9Gw,https://musicbrainz.org/artist/d7fff0a4-3adf-40fb-a6bc-09db41b4b618,947530,1700,Male,"Doylestown, Pennsylvania",pop,23,False
Nikki McKibbin,https://music.youtube.com/channel/UCEhHb7syb_Y0zC1Qga8WXuw,https://musicbrainz.org/artist/b4e7f6b3-537c-4a1c-b071-cd6c77938254,44337,306,Female,"Grand Prairie, Texas",,23,False
Tamyra Gray,https://music.youtube.com/channel/UCPunwHUFEvTFYWnYsqcE8nw,https://musicbrainz.org/artist/a3a062cb-9af8-481b-81d2-bf80a64ae1c9,73161,384,Female,"Norcross, Georgia","pop, soul",22,False
R. J. Helton,https://music.youtube.com/channel/UC6Agtw3oz48kcP7NrxqF6Dw?si=4aqB_vVzKQYmvxkX,https://musicbrainz.org/artist/ff8b9a4e-9244-4414-84da-86be4268b003,8321,62,Male,United States,,,True
Christina Christian,https://music.youtube.com/channel/UC_4wgAL_chmtO6s-cC3KE6w?si=FHYwDwDd4bbCnQkT,https://musicbrainz.org/artist/83943abc-d5bf-43e6-8726-6421db843dba,465,46,Female,"Miami, Florida",,20,False
Ryan Starr,,https://musicbrainz.org/artist/0a945f84-81da-45bd-89eb-bec92de5ac58,0,0,Female,"Sunland, California",,19,False
AJ Gil,https://music.youtube.com/channel/UCuQiKF5xuSNHrpu33IAFz_A?si=18_kmIdaBmBDtSiv,https://musicbrainz.org/artist/c07dd615-03c3-4e0f-9263-081eff124874,39,10,Male,United States,,,True
EJay Day,,,0,0,Male,"Lawrenceville, Georgia",,20,False
Jim Verraros,https://music.youtube.com/channel/UCteE6KeywW1ygq5ZERMa2rQ?si=mHQ2hQjT4DI2Wwic,https://musicbrainz.org/artist/b26f038b-aca0-42bb-aa9f-fd74ea008026,19150,219,Male,"Crystal Lake, Illinois",,19,False
Alexis Lopez,,,0,0,Female,"Modesto, California",,17,False
Angela Peel,,,0,0,Female,"Chicago, Illinois",,20,False
Kelli Glover,,https://musicbrainz.org/artist/a7c5b3bc-a5d4-49e7-b722-da3c0b514c2c,0,0,Female,"Cranford, New Jersey",,19,False
Christopher Aaron,,,0,0,Male,"Duluth, Georgia",,23,False
Alexandra Bachelier,,https://musicbrainz.org/artist/73eac51b-fc46-4289-b03f-db487a1dea08,0,0,Female,"Miami, Florida",,20,False
Jazmin Lowery,,,0,0,Female,"Hempstead, New York",,19,False
Kristin Holt,,,0,0,Female,"Plano, Texas",,20,False
Melanie Sanders,,,0,0,Female,"Vicksburg, Mississippi",,21,False
Natalie Burge,,,0,0,Female,"Morton, Illinois",,16,False
Rodesia Eaves,,,0,0,Female,"Columbia, South Carolina",,21,False
Tanesha Ross,,,0,0,Female,"Auburn, Washington",,24,False
Tenia Taylor,https://music.youtube.com/channel/UCptq7BfLc75o9pO4B7dQb1w?si=EWRz3mYIC0Fu11Z8,https://musicbrainz.org/artist/d621784f-985e-4363-9b40-036af779e991,177,7,Female,"Orange Park, Florida",,22,False
Adriel Herrera,,,0,0,Male,"Odessa, Texas",,18,False
Brad Estrin,,,0,0,Male,"Valley Village, California",,24,False
Chris Badano,,,0,0,Male,"Parsippany, New Jersey",,18,False
Gil Sinuet,,,0,0,Male,"Garfield, New Jersey",,23,False
Jamar,,,0,0,Male,"Atlanta, Georgia",,21,False
Justinn Waddell,https://music.youtube.com/channel/UC-QDgduQ-q7_tJRbnRoWt2w?si=ruU7juLIIKIF2ONW,,4018,36,Male,"Dayton, New Jersey",,20,False
Khaleef Chiles,,,0,0,Male,"Plainfield, New Jersey",,19,False
Mark Scott,,,0,0,Male,"Portage, Indiana",,18,False
Ruben Studdard,https://music.youtube.com/channel/UCeW1VEh3y7Ox9aRIwGCQa6Q,,115066760,211000,Male,"Birmingham, Alabama",,24,False
Clay Aiken,https://music.youtube.com/channel/UCVZPjr_2MrQYtaC8z3dfh_g,https://musicbrainz.org/artist/a25f3156-ef58-4c07-9927-ce18bd6e103b,12479608,21200,Male,"Raleigh, North Carolina",rock,24,False
Kimberley Locke,https://music.youtube.com/channel/UCQ2ZZaMnUAxQ4kOiXBjDWGg,https://musicbrainz.org/artist/45c70955-7e38-4a76-9a74-1a3d7f07d792,722794,956,Female,"Nashville, Tennessee",r&b,24,False
Joshua Gracin,https://music.youtube.com/channel/UCNpowNb0C1wdFqIKGon82-w,https://musicbrainz.org/artist/80d77777-8456-4686-94a6-754c9e50bdff,3768503,455,Male,United States,,,True
Trenyce,https://music.youtube.com/channel/UCWjMMlXrOBs9AznQXxiJo7A,https://musicbrainz.org/artist/182592aa-683f-4e36-8b7f-4210d40d96df,73297,599,Female,"Bartlett, Tennessee",,22,False
Carmen Rasmusen,https://music.youtube.com/channel/UCls9g9q2vxU95wScV3nD1wQ,https://musicbrainz.org/artist/f68616a5-4c50-4547-b2bb-6b719ff9d5f8,87,281,Female,"Bountiful, Utah",,17,False
Kimberly Caldwell,https://music.youtube.com/channel/UCkFiHzxF_kRuOGTUkzujJtQ,https://musicbrainz.org/artist/42fea084-bad8-4f5b-8714-2927ac24276f,87598,39,Female,"Katy, Texas",,20,False
Rickey Smith,,https://musicbrainz.org/artist/0a774081-f274-4e5f-842b-57b13ec36057,0,0,Male,"Keene, Texas",,22,False
Corey Clark,,https://musicbrainz.org/artist/b2b08f73-375e-445c-8c41-3a72a82bc708,0,0,Male,"Rialto, California",,22,False
Julia DeMato,,https://musicbrainz.org/artist/4da09c8e-e466-4385-b401-3f665741abd9,0,0,Female,"Brookfield, Connecticut",,23,False
Charles Grigsby,https://music.youtube.com/channel/UCF8YqIpnymDn8h54OSmvZ-w,https://musicbrainz.org/artist/e140abdd-3b8a-497d-bd79-81da38c1c9d7,2813,13,Male,"Oberlin, Ohio",,24,False
Vanessa Olivarez,https://music.youtube.com/search?q=Vanessa+Olivarez,https://musicbrainz.org/artist/11856e5d-5fa6-40e7-a561-7c2f0d639f14,0,0,Female,"Atlanta, Georgia",,21,False
Aliceyn Cooney,,,0,0,Female,"Columbus, Indiana",,22,False
Janine Falsone,,,0,0,Female,"Staten Island, New York",,21,False
Nasheka Siddall,,,0,0,Female,"New York, New York",,19,False
Olivia Mojica,,,0,0,Female,"Royse City, Texas",,17,False
Chip Days,https://music.youtube.com/channel/UCskubegDB4zFUaw1szG4UlA,,7621,50,Male,"Hampton, Georgia",,22,False
Ashley Hartman,,,0,0,Female,"Ladera Ranch, California",,17,False
Candice Coleman,,https://musicbrainz.org/artist/acc85ce2-fec5-4911-b1d3-6c339514ed08,0,0,Female,"Toledo, Ohio",,22,False
Equoia Coleman,,,0,0,Female,"Memphis, Tennessee",,22,False
Hadas,,,0,0,Female,"Woodland Hills, California",,21,False
Jennifer Fuentes,,,0,0,Female,"Miami, Florida",,18,False
Juanita Barber,,,0,0,Female,"Memphis, Tennessee",,22,False
Kimberly Kelsey,,,0,0,Female,"Macon, Georgia",,18,False
Meosha Denton,,,0,0,Female,"Murfreesboro, Tennessee",,20,False
Rebecca Bond,,,0,0,Female,"Phoenix, Arizona",,22,False
Samantha Cohen,,,0,0,Female,"Boulder, Colorado",,20,False
Sylvia Chibiliti,,,0,0,Female,"Sacramento, California",,19,False
Bettis Richardson,,,0,0,Male,"North Lauderdale, Florida",,19,False
George Trice,https://music.youtube.com/channel/UC7ZvJKRppcuP_WhRYK4tSgA,,1168,5,Male,"Henderson, Tennessee",,21,False
J.D. Adams,,,0,0,Male,"Burbank, California",,20,False
Jacob John Smalley,https://music.youtube.com/channel/UC4LEwLCAHO7JJudcizCH1pA,,4753,9,Male,"Edmond, Oklahoma",,19,False
Jordan Segundo,,,0,0,Male,"Honolulu, Hawaii",,18,False
Louis Gazzara,https://music.youtube.com/channel/UCC_K6gcEKAdJQYvdcCFFC_w,,12579,12,,,,,True
Patrick Fortson,,,0,0,Male,"Terre Haute, Indiana",,22,False
Patrick Lake,,,0,0,Male,"Athens, Georgia",,24,False
Fantasia Barrino,https://music.youtube.com/channel/UC2vuH_2CzJW913Wj0sLfyOQ,https://musicbrainz.org/artist/4a5d70ad-89c8-47a1-afb2-4cc26471e113,234243518,17200,Female,"High Point, North Carolina","r&b, contemporary r&b, pop, pop soul",19,False
Diana DeGarmo,https://music.youtube.com/channel/UCgqFpZXJVjREe8tXBNtLVaQ,https://musicbrainz.org/artist/1aaaeddb-4091-4c79-af13-41c012af02c7,160998,657,Female,"Snellville, Georgia",pop,16,False
Jasmine Trias,https://music.youtube.com/channel/UCRkR1i8OEECQlNiP4NptU1w,https://musicbrainz.org/artist/112d0481-1bbb-4ce0-a5e5-ff55d0220831,126351,808,Female,"Mililani, Hawaii","opm, pop, soul",17,False
LaToya London,https://music.youtube.com/channel/UCT72ZoPwyyq3wCt8hcok28g,https://musicbrainz.org/artist/21ced8d7-27f9-4c01-8df8-f0fec0af3e54,8760280,2830,Female,"Oakland, California",,24,False
George Huff,https://music.youtube.com/channel/UC7SExog4GeqNN_mlI3tZ23w,https://musicbrainz.org/artist/97d7bb76-6254-42d7-95cf-8fcf94bd831d,513437,1070,Male,"Norman, Oklahoma",,22,False
John Stevens,https://music.youtube.com/channel/UCwcRZSMCjZVdcG_CcVVfmBg,https://musicbrainz.org/artist/c471ff4a-cc06-4fa9-8fac-553fa9ed1c0f,491955,162,Male,"East Amherst, New York",,16,False
Jennifer Hudson,https://music.youtube.com/channel/UCx_VfDC-Sr1MTw2Oj2PWh2w,https://musicbrainz.org/artist/95b5d5b5-46c4-4c3e-89d5-ffe9236427ac,85259473,7770,Female,"Chicago, Illinois","contemporary r&b, pop, pop soul, r&b, soul",21,False
Jon Peter Lewis,https://music.youtube.com/channel/UCKLjagfq2NKbTXv_SCjgT8A,https://musicbrainz.org/artist/1804cd3a-4ca8-4fbb-be74-308dc8b3ebb6,26202,99,Male,"Rexburg, Idaho",,23,False
Camile Velasco,https://music.youtube.com/channel/UC_RebjFwVokyegjkwEGnZZQ,https://musicbrainz.org/artist/362a3b0a-1c1f-403f-90d5-2e7841267412,6202223,406,Female,"Haiku, Hawaii",,18,False
Amy Adams,,,0,0,Female,"Bakersfield, California",,24,False
Matthew Rogers,https://music.youtube.com/channel/UC8RP_9PqByG2GJ_zS7oT0Rg,,5150,38,Male,"Rancho Cucamonga, California",,24,False
Leah LaBelle,https://music.youtube.com/channel/UCBrMNhNiWqaBrKSXA5d5Vkw,https://musicbrainz.org/artist/3cb059c5-2336-4338-96f2-c8f162c9fb2e,70520,294,Female,"Seattle, Washington",,16,False
Elizabeth LeTendre,,,0,0,Female,"Sturbridge, Massachusetts",,19,False
Katie Webber,,,0,0,Female,"Santa Cruz, California",,22,False
Suzy Vulaca,,,0,0,Female,Arizona,,21,False
Matthew Metzger,,,0,0,Male,"Oxford, Ohio",,22,False
Ashley Thomas,,,0,0,Female,"Irvine, California",,23,False
Briana Ramirez-Rial,,,0,0,,,,,True
Charly Lowry,https://music.youtube.com/channel/UCrgEW8tB7aq6rY6qjLIekWw,,4312,72,Female,"Pembroke, North Carolina",,19,False
Heather Piccinni,,,0,0,Female,"Spring Hill, Florida",,20,False
Kara Master,,,0,0,Female,"Palo Alto, California",,24,False
Lisa Leuschner,https://music.youtube.com/channel/UCimIf4b11DuUBDPEKXvnKuQ,,2382,23,Female,"Watsonville, California",,20,False
Lisa Wilson,,,0,0,Female,"Rome, Georgia",,23,False
Marisa Joy,,,0,0,Female,"Cloverdale, California",,19,False
Tiara Purifoy,https://music.youtube.com/channel/UCOaQJYQqESpjos2-kUcySNw,,139,2,Female,"Beloit, Wisconsin",,21,False
Eric Yoder,,,0,0,Male,"St. Louis, Missouri",,24,False
Erskine Walcott,,,0,0,Male,"Las Vegas, Nevada",,23,False
Jesus Roman,,,0,0,Male,"Bronx, New York",,24,False
John Preator,,,0,0,Male,"Provo, Utah",,23,False
Jonah Moananu,,,0,0,Male,"Honolulu, Hawaii",,21,False
Marque Lynche,,,0,0,Male,"New York, New York",,22,False
Noel Roman,,,0,0,Male,"Bronx, New York",,21,False
Carrie Underwood,https://music.youtube.com/channel/UCOKZ9VMYXV5HlyLMOuoiKlA?si=D2-SL66yqOw5Zq99,https://musicbrainz.org/artist/70f0e309-5418-49b6-a130-666e2f76eecd,393168846,41600,Female,United States,"country, country pop, contemporary country, country rock, pop rock",,True
Bo Bice,https://music.youtube.com/channel/UCgtggN4l0T-qOUOQ_Ig4GmQ?si=v4zfb8CdnzmpNIZ2,https://musicbrainz.org/artist/531ae81a-19c3-4b0f-8d56-bc3e235f0b94,506306,1270,Male,"Helena, Alabama",rock,28,False
Vonzell Solomon,https://music.youtube.com/channel/UCTbSQLfD-80UUNEvE5rixpg?si=Fw4vks-34zCduzzo,https://musicbrainz.org/artist/dcc9fe7d-6bc4-4f89-9e9c-10f54b087a5b,1462718,24800,Female,"Fort Myers, Florida",,20,False
Anthony Fedorov,https://music.youtube.com/channel/UC5SneWEBbUi48x0lC2UmGUw?si=mIfq9YdbPZRIVCDI,https://musicbrainz.org/artist/98beb2da-c312-4ad0-b24c-b208f4f08c60,703,21,Male,"Trevose, Pennsylvania",,19,False
Scott Savol,https://music.youtube.com/channel/UCRnhjUWEihXUiVuf7SYBPUA?si=wuJ6hANREurWxlkt,https://musicbrainz.org/artist/e5ef5625-2190-4e52-8d49-4fd944a25709,1748,5,Male,"Shaker Heights, Ohio",,28,False
Constantine Maroulis,https://music.youtube.com/channel/UCb-xw026h28UreagFxBpXqw?si=GHTgwWNGhMvmNBvO,https://musicbrainz.org/artist/71545654-a101-4c1d-a4d3-4be425abb695,125649,719,Male,"New York, New York",,28,False
Anwar Robinson,https://music.youtube.com/channel/UC1-TaEcIksSz5kXpFd9ncjA?si=OCsB028F1QT5lwZr,https://musicbrainz.org/artist/9e43df7a-d127-4fe9-b735-91b503d537aa,1221,31,Male,"Newark, New Jersey",,25,False
Nadia Turner,https://music.youtube.com/channel/UCdY5jNmNgmdGqPs2wdum5jw?si=am2pt2On5Xap-D0i,https://musicbrainz.org/artist/e980f0be-c64f-4409-bad5-e70176df52fa,2518,127,Female,"Miami, Florida",,27,False
Nikko Smith,https://music.youtube.com/channel/UC7xaPt6JQ-IIemYd1TuZ4fA?si=EsNFKa8NhlOKt24Z,https://musicbrainz.org/artist/8c2d6e85-cbee-4113-a147-b4217c9efbd1,2085,35,Male,"Evanston, Illinois",,25,False
Jessica Sierra,https://music.youtube.com/channel/UClRMebBXJN7c-VkO8WDq5hw?si=9UEN-mZbqEmjaf-m,https://musicbrainz.org/artist/2fc05b79-bc30-401a-9b87-348517c4aa28,7164,43,Female,"Tampa, Florida",,19,False
Mikalah Gordon,https://music.youtube.com/channel/UCuojwIX4x4kbG3nfQBB8wHg?si=ZdiYP_SM4l6CO1pS,https://musicbrainz.org/artist/aab85fd6-8109-4534-8533-a113d19c7912,2102,29,Female,"Las Vegas, Nevada",,16,False
Lindsey Cardinale,,https://musicbrainz.org/artist/f7ab69f2-6bed-4751-8960-48315b9d9460,0,0,Female,"Ponchatoula, Louisiana",,19,False
Mario Vazquez,https://music.youtube.com/channel/UChg0toDpvY_pNRXlJcJTQWg?si=mvI-63eU0ln-Evka,https://musicbrainz.org/artist/4fa5eab2-270a-44e9-bc84-cf9f00766c75,4209574,2140,Male,"New York, New York",,27,False
Amanda Avila,,,0,0,Female,"Las Vegas, Nevada",,23,False
Janay Castine,,,0,0,Female,"Lawrenceville, Georgia",,17,False
Travis Tucker,https://music.youtube.com/channel/UCvwrNlRhtlM_Eq3mb8aT22Q?si=I9eC96CiHokyXgBA,,1274,18,Male,"Manassas, Virginia",,21,False
Aloha Mischeaux,https://music.youtube.com/channel/UCbVKImWPT3vAS-ZcByxRJBg?si=yT1Q-EsKkV-EhnwO,,243,1,Female,"St. Louis, Illinois",,18,False
Celina Rae,,,0,0,Female,"Fort Worth, Texas",,29,False
David Brown,,,0,0,Male,"New Orleans, Louisiana",,19,False
Joseph Murena,,,0,0,Male,"Smithtown, New York",,25,False
Melinda Lira,,,0,0,Female,"Hanford, California",,19,False
Sarah Mather,,,0,0,Female,"Wilmington, North Carolina",,22,False
Jared Yates,,,0,0,Male,"Danville, Illinois",,16,False
Judd Harris,https://music.youtube.com/channel/UC-D8NRXFrrXPOUBeylL2g8w?si=uKX12uUSWk0KoNee,,1197,47,Male,"New York, New York",,27,False
Taylor Hicks,https://music.youtube.com/channel/UC69oM_QXxAsd_Oz8HeKFu3Q?si=0MiOKEn_274yVHp5,https://musicbrainz.org/artist/b8b5895b-6c8c-4e1d-867c-b4ff96a074a7,560729,1710,Male,"Birmingham, Alabama","blue-eyed soul, blues, blues rock, pop, rock",29,False
Katharine McPhee,https://music.youtube.com/channel/UCBMXbc-hbj42G0l2mRuvKkw?si=RUtjryuvXtsAbjeQ,https://musicbrainz.org/artist/7473425a-05ff-41d2-b375-9b213b8bbde8,19075371,16800,Female,"Sherman Oaks, California",pop,21,False
Elliott Yamin,https://music.youtube.com/channel/UC_G8FFZhMGhQnbgxJSJZ_nA?si=301zJYOKOnFrm3H4,https://musicbrainz.org/artist/f1c1963a-ba17-4c61-b4d5-344aec12e1c0,2520669,28500,Male,"Richmond, Virginia",,27,False
Chris Daughtry,https://music.youtube.com/channel/UCE9f-DN--9h6dCnaF0viz8g?si=TgSwjWMYI3jreeX3,https://musicbrainz.org/artist/21e3292e-dac8-4609-b57d-402f926aa41f,0,2070,Male,"McLeansville, North Carolina","alternative rock, hard rock",25,False
Paris Bennett,https://music.youtube.com/channel/UCZCs3cYRuZxfmYrc2VGpjZA?si=jyuIYNv4a_BSIeWy,https://musicbrainz.org/artist/c522ec53-3c5a-4699-85ef-a8ade601201d,31050,491,Female,United States,,,True
Kellie Pickler,https://music.youtube.com/channel/UC11nf9fIBfrxXpdGZaAkg_A?si=3jajWvYDifhcThmr,https://musicbrainz.org/artist/4c567ed6-8bc9-447a-bbd5-1dce18e4ee81,12780639,2890,Female,"Albemarle, North Carolina",country,19,False
Ace Young,https://music.youtube.com/channel/UCKSa3OCP93WAh6L3tTDucjA?si=rGyPZK-sVaAyArPC,https://musicbrainz.org/artist/a18fc037-5701-4a7a-99fd-b9f905a8dd12,63741,380,Male,"Los Angeles, California",,24,False
Bucky Covington,https://music.youtube.com/channel/UCsA-Ke41d0fYiObeDpScQMw?si=bOePUPRNbrLCvQS_,https://musicbrainz.org/artist/b6700184-f0a6-4ba5-bc3b-c8ce5e065027,2901551,3550,Male,"Rockingham, North Carolina",,28,False
Mandisa,https://music.youtube.com/channel/UCXXwGb4-XdC0EWz_IgSJAVw?si=Qn4noVEcyqgbUzx_,https://musicbrainz.org/artist/9f6af61e-f0d4-4b63-9db2-a35750af153d,23389319,3460,Female,"Antioch, Tennessee","contemporary christian, contemporary gospel",28,False
Lisa Tucker,https://music.youtube.com/channel/UCY11Iarb5sias0ytC_hOwBQ?si=HHo8i4LnCiT7OCCa,https://musicbrainz.org/artist/d3f47a21-50d0-4a66-87f5-2564177a8d96,2059,51,Female,"Anaheim, California",,16,False
Kevin Covais,,https://musicbrainz.org/artist/3c74bda8-4f3f-4135-8686-faa5a2603a1c,0,0,Male,"Levittown, New York",soul,16,False
Melissa McGhee,https://music.youtube.com/channel/UCATigmHVUw27nO5sxPggmRA?si=1irM4-c5lZEO0smO,https://musicbrainz.org/artist/73e0371d-74fc-49d9-8940-a3d26a1f8a02,4403,13,Female,"Tampa, Florida",,21,False
Ayla Brown,https://music.youtube.com/channel/UCeBo-6hlyeXIt30f0rJ7WOQ?si=STIiXg4Zvbtl1HJ-,https://musicbrainz.org/artist/32bd4474-c8ce-42dd-8964-174069223260,40689,169,Female,"Wrentham, Massachusetts",country,17,False
Kinnik Sky,,,0,0,Female,"Duluth, Georgia",,28,False
Gedeon McKinney,,,0,0,Male,"Memphis, Tennessee",,17,False
Will Makar,https://music.youtube.com/channel/UCCPjtt6tx50c1Cq5LilCzUQ?si=kQcN9C1dooOu4Jdb,,735,9,Male,"The Woodlands, Texas",,16,False
Brenna Gethers,,https://musicbrainz.org/artist/0c8392ad-36f1-43bd-8bd1-bce9af32a177,0,0,Female,"Mt. Vernon, New York",,25,False
Heather Cox,,,0,0,F,"Jonesville, North Carolina",,21,False
David Radford,https://music.youtube.com/channel/UCjrAJyzR-5TtellWCRVG7CQ?si=zzp36iJxHq2naiuK,,137,2,Male,"Crystal Lake, Illinois",,17,False
"José ""Sway"" Penala",,https://musicbrainz.org/artist/b434c1de-fa0f-495e-b91d-c3227167ec22,0,0,Male,"South San Francisco, California",,27,False
Becky O'Donohue,,,0,0,Female,"Dobbs Ferry, New York",,25,False
Stevie Scott,,,0,0,Female,"Fair Oaks, California",,19,False
Bobby Bennett,,,0,0,Male,"Denver, Colorado",,19,False
Patrick Hall,,,0,0,Male,"Gravette, Arkansas",,27,False
Jordin Sparks,https://music.youtube.com/channel/UCnMHVYsQ7nSpJEHfku6c4nQ?si=toJ2Q7b2KR2bvcIK,https://musicbrainz.org/artist/5508631d-697f-4839-a669-06637e5bcb90,143656406,9170,Female,"Glendale, Arizona","pop, contemporary r&b, dance-pop",16,False
Blake Lewis,https://music.youtube.com/channel/UC3t7UDobHz-RJFuoi4M-ikg?si=AVqj_VsweFECxVhg,https://musicbrainz.org/artist/f3f97f85-322b-461f-b67d-e990e0bacb05,332670,634,Male,"Bothell, Washington",soul,25,False
Melinda Doolittle,https://music.youtube.com/channel/UC1QmYzuhfsU9CqwF92fRUFQ?si=G5c5R55BOQDhnVx4,https://musicbrainz.org/artist/99210e7f-5107-43b9-be3b-b27c4b96b015,231563,1120,Female,"Brentwood, Tennessee","gospel, soul",28,False
LaKisha Jones,https://music.youtube.com/channel/UCDc4rekfILwfd0k3pQ9wATg?si=nSQkcVzCQvFw0uca,https://musicbrainz.org/artist/44504ec9-ef10-4f18-ada1-336c1f8e182c,22891,135,Female,"Fort Meade, Maryland",soul,26,False
Chris Richardson,https://music.youtube.com/channel/UCDZ-lCOu5wrDEf0uAH3D5eA?si=dD5Bs1ON5SZn1FYt,https://musicbrainz.org/artist/7bf8c82e-6dc8-478f-a9e6-d04f4c3ff28c,24918,176,Male,"Chesapeake, Virginia",,22,False
Phil Stacey,https://music.youtube.com/channel/UC4f105qdFSOYa2QQROtLglQ?si=0oXf1uHmE2H4bvn5,https://musicbrainz.org/artist/71bd60ed-c880-4550-a067-f23357867530,55562,286,Male,"Jacksonville, Florida",,28,False
Sanjaya Malakar,https://music.youtube.com/channel/UCk1VuYZcOymFDRYVCwCBkxg?si=hzXxHi9i2ckVTFiS,https://musicbrainz.org/artist/69daa728-92b5-4d9e-89a8-938510c2034c,6935,143,Male,"Federal Way, Washington",,17,False
Haley Scarnato,https://music.youtube.com/channel/UCYWy1zVTCvzpFupQxnFOkJg?si=fDn9CmXGQldbiCtP,https://musicbrainz.org/artist/61fe9d90-6fa7-45e4-a042-2157a80144ec,198,3,Female,"San Antonio, Texas",,24,False
Gina Glocksen,https://music.youtube.com/channel/UCKMrL_1CyC7ml6cadmO-wuQ?si=cxtMuqI1IwfLrtFp,https://musicbrainz.org/artist/bfd80004-df8f-4419-9e0d-466164d975b0,1197,27,Female,"Naperville, Illinois",rock,21,False
Chris Sligh,https://music.youtube.com/channel/UCM9tidEDSOrCXA7L9DwuBwg?si=waS90m3C3ovE7q-I,https://musicbrainz.org/artist/0211c5b6-a433-4cd0-9413-a68a8a0cd51e,164767,532,Male,"Greenville, South Carolina",,28,False
Stephanie Edwards,https://music.youtube.com/channel/UCrJLRCEFU2M50ic_bJHbrvA?si=Sn5udd-XvNRTj9Sw,https://musicbrainz.org/artist/2cd73e71-2c6c-44ce-aa01-fd9b4917a4e7,196,9,Female,"Savannah, Georgia",,19,False
Brandon Rogers,,https://musicbrainz.org/artist/16684c33-4e86-4e9d-a99d-bbbe0305eed6,0,0,Male,"North Hollywood, California",,28,False
Antonella Barba,https://music.youtube.com/channel/UCJ1vPzE7jHYxE1tIoLez5mw?si=PVo7IVRvwdQAhyqa,,129,10,Female,"Point Pleasant, New Jersey",,19,False
Sabrina Sloan,,,0,0,Female,"Mission Viejo, California",,27,False
Jared Cotter,https://music.youtube.com/channel/UCHcgh5qVUZnepsYFAPZJhqA?si=gYHXjhVXzfaDv0Xc,https://musicbrainz.org/artist/4501ce95-b9f6-4018-879e-d1f6ed6f0e29,67717,111,Male,"Kew Gardens, New York",,25,False
Sundance Head,https://music.youtube.com/channel/UC6eePXl5FLoO0fP1XyrcH-Q?si=GHWyKAlsUSd9QXA1,https://musicbrainz.org/artist/cb13adb3-d73c-4015-a1cd-6d58254710a8,1152595,3920,Male,"Porter, Texas",,27,False
Alaina Alexander,,,0,0,Female,"West Hollywood, California",,24,False
Leslie Hunt,https://music.youtube.com/channel/UCdBWwmbAoR1GnHChohAtPjA?si=H2EDmP2xbj28_5UM,https://musicbrainz.org/artist/944a54d7-9e5c-4363-9c0a-b6904864f869,28129,17,Female,"Chicago, Illinois",,25,False
A.J. Tabaldo,https://music.youtube.com/channel/UCkBQwnZRX1dXd3bhzFPxKCQ?si=OgnBl1X377iHDWbz,https://musicbrainz.org/artist/1bf04b15-b2cf-494c-8a47-81c05585d4a4,110223,428,Male,"Santa Maria, California",,17,False
Nicholas Pedro,,,0,0,Male,"Taunton, Massachusetts",,24,False
Amy Krebs,https://music.youtube.com/channel/UCl9GYwQ2fqCa1pfYbm_pCJg?si=mVY0sk26nsxMTi7E,https://musicbrainz.org/artist/865ac53c-6701-49cd-804a-36aad0596971,597,4,Female,"Federal Way, Washington",,22,False
Nicole Tranquillo,,https://musicbrainz.org/artist/07eea839-a99a-46ed-a273-bb9d4a81513d,0,0,Female,"Wernersville, Pennsylvania",,21,False
Paul Kim,,,0,0,Male,"Saratoga, California",,25,False
Rudy Cardenas,https://music.youtube.com/channel/UC1MkNSQ4j1w1fvY_HoxVhKg?si=w7881TEsoLPE-xA0,,4343,61,Male,"North Hollywood, California",,28,False
David Cook,https://music.youtube.com/channel/UCbUrXbA0K7XEjUSgVOOp2Wg?si=GluL-QTzDBDVXSyB,https://musicbrainz.org/artist/966e1095-b172-415c-bae5-53f8041fd050,5399742,1360,Male,United States,rock,,True
David Archuleta,https://music.youtube.com/channel/UCLNibVBhPbmwG6aib1FoV_A?si=WEq78LX2nT2WX_Zg,https://musicbrainz.org/artist/150c1fdf-3fc1-4672-93fa-a1aca0a85a53,53664310,6110,Male,"Murray, Utah","pop, teen pop",16,False
Syesha Mercado,,https://musicbrainz.org/artist/4bc42459-762b-40a7-81f4-22d8186fb4e7,0,0,Female,"Miami, Florida",,20,False
Jason Castro,https://music.youtube.com/channel/UCqWgDFlRrHxm-ZhrAxhc0jQ?si=5dQK-KiPGDLjwPSh,https://musicbrainz.org/artist/1d3820a0-b7fb-4ae8-a68a-b6c70ce705cd,660890,689,Male,"Rockwall, Texas",,19,False
Brooke White,https://music.youtube.com/channel/UCTinGyr3P1m9R74J1bW8-FA?si=wp3f01H9sVcsuvoo,https://musicbrainz.org/artist/9b5f525e-a925-4795-85a0-12b6f5b6bc16,143113,108,Female,"Van Nuys, California (audition); Mesa, Arizona (Hollywood Week)",,24,False
Carly Smithson,,https://musicbrainz.org/artist/bd404771-ff5b-4dfb-9b7b-0d648dd92538,0,0,Female,"San Diego, California",,21,False
Kristy Lee Cook,https://music.youtube.com/channel/UCd4oOJ-9N4IGLZtCyn9fh9w?si=Ed74eMmcigyzs-lz,https://musicbrainz.org/artist/d9fe9a2c-d9fd-47c3-abbc-eb315b788dfa,367022,1180,Female,"Selma, Oregon",,23,False
Michael Johns,,https://musicbrainz.org/artist/91b9a119-bfc2-4706-b870-d5f97f1cb244,0,0,Male,"Buckhead, Georgia",,28,False
Ramiele Malubay,https://music.youtube.com/channel/UCnj5OBYodiyrSFjTRbeonpg?si=zEqK5MSVlfsj5XeX,https://musicbrainz.org/artist/90013c8b-7022-4c7f-a03c-14c445046ae6,1317,57,Female,"Miramar, Florida",soul,19,False
Chikezie,https://music.youtube.com/channel/UCQAyUX6I9DzVD4Gl0d0QAjQ?si=uST8lDdemKsKKY9g,https://musicbrainz.org/artist/8171a8ee-84be-45ae-b0ba-1ea03aad96e5,795,14,Male,"Inglewood, California",,21,False
Amanda Overmyer,https://music.youtube.com/channel/UCOoEciRplxC44ZJHHB0eSTA?si=jjOQTyxTBtIy5xpL,https://musicbrainz.org/artist/f52d0216-2676-4782-b3e2-e3020f6d60d1,8178,66,Female,"Mulberry, Indiana",,22,False
David Hernandez,,https://musicbrainz.org/artist/9b0446c6-7956-44b7-924e-e8cf05b090f7,0,0,Male,"Glendale, Arizona",,24,False
Asia'h Epperson,,https://musicbrainz.org/artist/c0b29569-2ce8-4860-8f63-2ef7e90b9584,0,0,Female,"Joplin, Missouri",,18,False
Kady Malloy,,https://musicbrainz.org/artist/77cf999c-202e-4e67-9ba3-62b0a1a5c70d,0,0,Female,"Houston, Texas",,18,False
Danny Noriega,https://music.youtube.com/channel/UCjMQb-pOvB-5LEAvV-vunZQ?si=DXrkNaRl3Yvnrd5J,https://musicbrainz.org/artist/963d27ce-6be2-4f77-aca7-e490b1200f93,2844558,2000,Female,"Azusa, California",,16,False
Luke Menard,,,0,0,Male,"Crawfordsville, Indiana",,29,False
Alaina Whitaker,,,0,0,Female,"Tulsa, Oklahoma",,16,False
Alexandréa Lushington,,,0,0,Female,"Douglasville, Georgia",,16,False
Jason Yeager,,,0,0,Male,"Grand Prairie, Texas",,28,False
Robbie Carrico,https://music.youtube.com/channel/UC4pEnEbnhtcrPiIUnVH-4vA?si=orpl4H6szkSk7Izl,,2311,10,Male,"Melbourne, Florida",,25,False
Amy Davis,,https://musicbrainz.org/artist/1605ddea-6c7c-4af0-8009-7a4dff54f63e,0,0,Female,"Lowell, Indiana",,25,False
Joanne Borgella,,,0,0,Female,"Nashville, Tennessee",,25,False
Colton Berry,https://music.youtube.com/channel/UCeW5a8YnIeSUd19CLdGsr2A?si=bBnr7Muh2JiFHWKz,,434,9,Male,"Staunton, Virginia",,17,False
Garrett Haley,,,0,0,Male,"Elida, Ohio",,17,False
Kris Allen,https://music.youtube.com/channel/UCVk7Jk5_9Ywza3JCg5pC7vQ?si=tstMMKPACtgzAUGY,https://musicbrainz.org/artist/9ce29a24-b118-41a3-9297-2618f26b124d,3860175,1080,Male,"Conway, Arkansas","pop, country pop",23,False
Adam Lambert,https://music.youtube.com/channel/UCE0e75AsD74BLP07SfM6OzQ?si=vQ-7nrAZNAVxwdmX,https://musicbrainz.org/search?query=Adam+Lambert&type=artist&method=indexed,125501910,22400,Male,"Hollywood, California",,26,False
Danny Gokey,https://music.youtube.com/channel/UCtumU94h781hldnSnHT8SWg?si=wp4uCStKzlFYwDUl,https://musicbrainz.org/artist/2bfdbebe-e54a-4cab-9087-88141d440479,68565990,4580,Male,"Milwaukee, Wisconsin",contemporary christian,28,False
Allison Iraheta,https://music.youtube.com/channel/UCrEPfwlDQCRfmYmXC66YWpw?si=loal0f45N6sXsmz5,https://musicbrainz.org/artist/0c7f8ad2-fbef-4148-b86d-0ebff49ed36e,1078825,808,Female,"Los Angeles, California",rock,16,False
Matt Giraud,https://music.youtube.com/channel/UC-0tUqRmDfIFngZQV33OLwQ?si=ouIR5CD7tJcl-tFQ,https://musicbrainz.org/artist/8dd500c9-525e-47bd-bf1e-ce94a3550054,6955,142,Male,"Kalamazoo, Michigan",soul,23,False
Lil Rounds,,https://musicbrainz.org/artist/90ca8914-8a5b-4053-ab56-47782a6bfa8a,0,0,Female,"Memphis, Tennessee",,23,False
Anoop Desai,https://music.youtube.com/channel/UC1dwrgN5n5SXobVOyyccwmA?si=hxVxJpcT2ounMR45,https://musicbrainz.org/artist/bdaca642-21e7-4ff2-bc00-4a8b787dff62,942,36,Male,"Chapel Hill, North Carolina",,21,False
Scott MacIntyre,https://music.youtube.com/channel/UCpE4VBp1ceYyE35RtVnKCxg?si=VCJi8-DvhOESC1Xm,https://musicbrainz.org/artist/e24e16e7-1bea-4c92-a6bc-bf37563eac87,15934,46,Male,"Scottsdale, Arizona",,27,False
Megan Joy,https://music.youtube.com/channel/UCpU3YFUwcXXz5swgXmbVGxw?si=XYzmUWx7J5j4aVV5,https://musicbrainz.org/artist/f9eb9559-ba37-47c5-b900-bef1af9eaee0,12692,95,Female,"Sandy, Utah",,23,False
Michael Sarver,https://music.youtube.com/channel/UC93kfkCBzPBr3fDVdxlKBfw?si=2KJZnrY-RbtwoUhJ,https://musicbrainz.org/artist/2e956f4c-8564-4430-a8f3-9319d0f9481a,933,55,Male,"Jasper, Texas",,27,False
Alexis Grace,,,0,0,Female,"Memphis, Tennessee",,20,False
Jasmine Murray,https://music.youtube.com/channel/UCnRRAesVAW6ADfRcXWBp4YQ?si=c7VgQk7pVWAqQqgG,https://musicbrainz.org/artist/da8d8ccb-5401-4c3f-bd5c-cd44ad47b463,639502,1550,Female,"Starkville, Mississippi",,16,False
Jorge Núñez,https://music.youtube.com/channel/UCw7v4MLbqds0BtCbigV3bZQ?si=ZPwq3ml1nGgFamu8,,20614,148,Male,"Carolina, Puerto Rico",,20,False
Jesse Langseth,,,0,0,Female,"Minneapolis, Minnesota",,25,False
Tatiana Del Toro,,,0,0,Female,"San Juan, Puerto Rico",,23,False
Ricky Braddy,,,0,0,Male,"Elizabeth City,North Carolina",,26,False
Von Smith,https://music.youtube.com/channel/UCrjo-fnbCHWSXsa1fPhQGww?si=WAHqJC1KM0wstaYk,https://musicbrainz.org/artist/82f5f37a-7be9-4efc-a387-982f8685e615,6630,201,Male,"Greenwood, Missouri",soul,22,False
Ann Marie Boskovich,https://music.youtube.com/channel/UC4v0r5f_YBHSOuODCH1e8wQ?si=RV738UCFiw6_wf1P,https://musicbrainz.org/artist/dec285f8-7e6f-4baf-a8c2-5b1e7d0b46ca,48257,102,Female,"Nashville, Tennessee",,22,False
Arianna Afsar,https://music.youtube.com/channel/UC-g8_yr3jdnV7xOGcZpwZNA?si=Fd_cx6z8Z23EFT9h,https://musicbrainz.org/artist/6eb565d6-81f2-4384-9d97-cc54bf23d1a5,28721888,1870,Female,"San Diego, California",,16,False
Casey Carlson,https://music.youtube.com/channel/UCl65rS7WgrwaQl6zs_1jLbg?si=Ow4OULhyhoxw3G-q,https://musicbrainz.org/artist/1dcac64c-37bf-43d3-9f86-9eb5068f887f,29076,27,Female,"Minneapolis, Minnesota",,20,False
Felicia Barton,https://music.youtube.com/channel/UCrdXnAEDOsIepTRyCFEY3Ow?si=1eCr_7rnlZvpeJSe,https://musicbrainz.org/artist/6c443982-738f-4e8a-8fa3-3a1563694781,7052227,4380,Female,"Virginia Beach, Virginia",,26,False
Jackie Tohn,https://music.youtube.com/channel/UCt-5tuxpyh6XaMrX3OaKrbQ?si=ujow2N1WW1CsCusp,https://musicbrainz.org/artist/12170e92-dd40-4e23-9113-c4ae5fe80b5c,26523,107,Female,"Silver Lake, California",,27,False
Jeanine Vailes,,,0,0,Female,"Washington, District of Columbia",,28,False
Kendall Beard,https://music.youtube.com/channel/UCQYvitWtNYSn4snxwOOQ_9Q?si=C_YIvc_5qxOHIrnT,https://musicbrainz.org/artist/fd2b3cd6-0b73-45cd-af26-a9ebe634ab5f,6549,37,Female,"Austin, Texas",,23,False
Kristen McNamara,https://music.youtube.com/channel/UCP2vQbIHerDYPxaOpGdZhSQ,,3371,123,Female,"Napa Valley, California",,22,False
Mishavonna Henson,,,0,0,Female,"Irvine, California",,17,False
Stevie Wright,,,0,0,Female,"Phelan, California",,16,False
Taylor Vaifanua,https://music.youtube.com/channel/UCI6H8fPMqUkTtn9dzSiHk6g,https://americanidol.fandom.com/wiki/Taylor_Vaifanua,17482,196,Female,"Hurricane, Utah",,16,False
Alex Wagner-Trugman,,,0,0,Male,"Studio City, California",,19,False
Brent Keith,https://music.youtube.com/channel/UCrzscprummFC7AtmTI8VdRA,https://americanidol.fandom.com/wiki/Brent_Keith,319353,1010,Male,"Blanchester, Ohio",,28,False
Ju'Not Joyner,,,0,0,Male,"Bowie, Maryland",,25,False
Kai Kalama,https://music.youtube.com/channel/UCoaSR3AW_FlszXA6e_s9HSQ,,36022,404,Male,"San Clemente, California",,26,False
Matt Breitzke,,,0,0,Male,"Bixby, Oklahoma",,27,False
Nathaniel Marshall,,,0,0,Male,"Malone, New York",,18,False
Nick Mitchell,,,0,0,Male,"Brookfield, Connecticut",,27,False
Stephen Fowler,,,0,0,Male,"Beachwood, Ohio",,26,False
Lee DeWyze,https://music.youtube.com/channel/UCxKLP1UXqzAH27S5sUBJd3A,https://musicbrainz.org/artist/4006c69a-c50f-483a-bd1f-4f55e32ea7c9,3160345,332,Male,"Mount Prospect, Illinois","alternative rock, rock",23,False
Crystal Bowersox,https://music.youtube.com/channel/UC-eYZn2UCMswpdm7SYNgy9g,https://musicbrainz.org/artist/23644c2d-7351-4690-81c0-0153e4652847,273874,2320,Female,"Elliston, Ohio","folk rock, soul",23,False
Casey James,https://music.youtube.com/channel/UC88TjMwOATLbdw9v_K4-6Mg,https://musicbrainz.org/artist/da264869-434f-406b-87fe-0ed5d3828421,416378,219,Male,"Fort Worth, Texas",,27,False
Michael Lynche,https://music.youtube.com/channel/UCbixJ9Dc4GiJK_OsKYV6iXg,https://musicbrainz.org/artist/c9f9c897-124b-426b-a768-35d340a1ea9c,32168,155,Male,"Astoria, New York","pop, pop rock",26,False
Aaron Kelly,https://music.youtube.com/channel/UC5Yqura4_SfUrYORD3HykjQ,https://musicbrainz.org/artist/27029134-bca9-49ff-af34-32a0d78eb47e,15561,76,Male,"Sonestown, Pennsylvania",,16,False
Siobhan Magnus,https://music.youtube.com/channel/UCG8OW2nLtv60D9hQllAztRQ,https://musicbrainz.org/artist/0013bcdd-fe35-4c9f-ac41-4b41b9000e17,10195,261,Female,"Barnstable, Massachusetts",,19,False
Tim Urban,https://music.youtube.com/channel/UCU3V3N4-9Zd9HXhcxuCwt3Q,https://musicbrainz.org/artist/ec48798f-8d99-4792-b34d-64689a7135f4,2882,76,Male,"Duncanville, Texas",,20,False
Katie Stevens,https://music.youtube.com/channel/UC6zosU63uLDTQt1UopgkKXQ,https://musicbrainz.org/artist/04a54104-c519-4949-a372-d2daf25701d0,4876,115,Female,"Middlebury, Connecticut",,16,False
Andrew Garcia,https://music.youtube.com/channel/UCzHQHtSbK8QcebbTyIEkBGw,https://musicbrainz.org/artist/ed907eee-9114-4034-82bd-3d4c390b47a1,511257,169,Male,"Moreno Valley, California",,23,False
Didi Benami,https://music.youtube.com/channel/UC1hc5rjgLA-zbKhIwtcTWtQ,https://musicbrainz.org/artist/a96bcc45-fe47-4f71-8c83-8b7f8272393f,6710,97,Female,"Knoxville, Tennessee (origin)Hollywood, California (residence)",,22,False
Paige Miles,,,0,0,Female,"Naples, Florida",,24,False
Lacey Brown,https://music.youtube.com/channel/UCpwd4gE_ef9vWXD1ipesX0Q,https://musicbrainz.org/artist/8c7d5a1b-1ab1-48ec-9b04-a18cffaf5ee6,3576,41,Female,"Amarillo, Texas",,22,False
Katelyn Epperly,https://music.youtube.com/channel/UC3OFcd0GLoqWNMEk3y1tyXQ,,293971,76,Female,"West Des Moines, Iowa",,19,False
Lilly Scott,,,0,0,Female,"Littleton, Colorado",,20,False
Alex Lambert,https://music.youtube.com/channel/UCbFJEEhG3RKG2LIQJ8WxsEw,https://musicbrainz.org/artist/27b90d17-3c2e-488b-937c-b03b53528774,739204,523,Male,"North Richland Hills, Texas",,19,False
Todrick Hall,https://music.youtube.com/channel/UCh3xeXMf0XAUnOPOGr_K5tA,https://musicbrainz.org/artist/839a52ca-7c45-4b4c-8ba8-fee75d7627ef,17997050,2150,Male,"Arlington, Texas",pop,24,False
Haeley Vaughn,https://music.youtube.com/channel/UCkYRDH3ESX_ap7BGmT2tyMQ,,16310,256,Female,"Fort Collins, Colorado",,16,False
Michelle Delamor,https://music.youtube.com/channel/UC5BtzvM2Zc6x2zjKwifhv8g,https://musicbrainz.org/artist/9a13f1b2-1253-414d-ae2e-80f1f539111f,164550,293,Female,"Miami, Florida",,22,False
Jermaine Sellers,,,0,0,Male,"Joliet, Illinois",,26,False
John Park,https://music.youtube.com/channel/UCsFiaGDJg1uGS6Kt9k_ytDw,https://musicbrainz.org/artist/88606b98-f8c7-4a07-b2cd-fddaf4825030,113533168,6310,Male,"Northbrook, Illinois",,20,False
Ashley Rodriguez,https://music.youtube.com/channel/UCPcTvJJAbfpC2fqjanBn8zQ,https://musicbrainz.org/artist/ce662834-b0bf-41eb-aea5-8d7a6b88e5ed,3537,40,Female,"Boston, Massachusetts",,21,False
Janell Wheeler,,,0,0,Female,"Tampa, Florida",,24,False
Joe Muñoz,,,0,0,Male,"Los Angeles, California",,20,False
Tyler Grady,,,0,0,Male,"Nazareth, Pennsylvania",,19,False
Scotty McCreery,https://music.youtube.com/channel/UCjPB-hUtTYJh9Y_v_Ke7_Gw,https://musicbrainz.org/artist/2294c553-58e4-425b-8bab-bee01f2d477a,111394271,5210,Male,"Garner, North Carolina",country,16,False
Lauren Alaina,https://music.youtube.com/channel/UCJdsJTJMR_RvlmJmpZNYT4Q,https://musicbrainz.org/artist/f2506ff4-4091-4e57-ac5b-156110732aa9,28535417,4390,Female,"Rossville, Georgia",country,15,False
Haley Reinhart,https://music.youtube.com/channel/UCV2zczgX6GyMa5sFO7DkgdQ,https://musicbrainz.org/artist/d774c8ff-2b2b-423d-94ba-a827b3554785,18518321,6380,Female,"Wheeling, Illinois",soul,20,False
James Durbin,https://music.youtube.com/channel/UCZQQbiLixTrrRFOOWVzL2Vg,https://musicbrainz.org/artist/c0e02814-abda-4423-8fe7-7fb05fcbcdda,364223,727,Male,"Santa Cruz, California",rock,21,False
Jacob Lusk,https://music.youtube.com/channel/UCD74tbrNjq0MjR6IuaJvOhQ,https://musicbrainz.org/artist/24376d65-f6a4-4ade-97c2-5f8ecc0aa860,2818,238,Male,"Compton, California",,23,False
Casey Abrams,https://music.youtube.com/channel/UCBbq2Z9_NRn4ObXMVXdAQvQ,https://musicbrainz.org/artist/3924d3f5-f78b-469b-a8a7-083794902bb5,1028273,6640,Male,"Idyllwild, California",jazz,19,False
Stefano Langone,https://music.youtube.com/channel/UCywt_4AHdnzcfFifSglK00Q,https://musicbrainz.org/artist/6c049125-fdff-44a2-984b-1ddfa3ef5b3b,153143,37,Male,"Kent, Washington",,21,False
Paul McDonald,https://music.youtube.com/channel/UC7JPiD-UcCyi52ACEDTyvPQ,https://musicbrainz.org/artist/875267ab-9d61-4145-9e05-aa642836c4eb,30029,111,Male,"Nashville, Tennessee",rock,25,False
Pia Toscano,https://music.youtube.com/channel/UCuC1OWkbvHNiFsIIX1IQcPw,https://musicbrainz.org/artist/ef9b5c7e-9d1f-4c45-8dfd-960ce2083da7,658216,6980,Female,"Howard Beach, New York","ballad, pop",22,False
Naima Adedapo,,,0,0,Female,"Milwaukee, Wisconsin",,25,False
Thia Megia,https://music.youtube.com/channel/UC-rwdRZXjUWq4F5yrhGfNrg,https://musicbrainz.org/artist/8c7ff7fb-161f-44e4-90c9-6d568fb55ad7,11874,6,Female,"Mountain House, California",,15,False
Karen Rodriguez,https://music.youtube.com/channel/UC87ta7atuaf_YNeafGccbNA,https://musicbrainz.org/artist/da970bc8-9ca5-487b-8f52-f6c589fb423c,517635,780,Female,"New York, New York",,21,False
Ashthon Jones,https://music.youtube.com/channel/UC386zVTmQwrmg7_sFs4f6og,https://musicbrainz.org/artist/329afea6-31f4-4d99-8d9b-e82b2390c471,10221,96,Female,"Goodlettsville, Tennessee",,24,False
Kendra Chantelle,https://music.youtube.com/channel/UCCMhVJEGmXC7wG6-Qp9iGUA,,1808,17,Female,"Loudon, Tennessee",,22,False
Jovany Barreto,,,0,0,Male,"Harvey, Louisiana",,23,False
Robbie Rosen,https://music.youtube.com/channel/UCId_lo3js2UUKL4cjGZYZJw,https://musicbrainz.org/artist/9e5be405-6b38-4e74-a51e-978b8a41f3a2,33764,329,Male,"Merrick, New York",,16,False
Julie Zorrilla,https://music.youtube.com/channel/UCJuJsescCyovOmFnJdj7zBw,,41965,57,Female,"Los Angeles, California",,20,False
Lauren Turner,https://music.youtube.com/channel/UCraGWaFaJipyTyCyGRTPdmw,,4358,17,Female,"Covington, Louisiana",,24,False
Rachel Zevita,https://music.youtube.com/channel/UCQXQjI2X0p-TslVYPygrUQA,,180,3,Female,"New York, New York",,18,False
Ta-Tynisa Wilson,https://music.youtube.com/channel/UCgMvTn7EEpsBkaiM9iwqhSg,,219,5,Female,"Aurora, Illinois",,20,False
Brett Loewenstern,https://music.youtube.com/channel/UCOg8p2ihmPiqtSBnm2RU3Uw,,946,1,Male,"Boca Raton, Florida",,16,False
Clint Jun Gamboa,,,0,0,Male,"Long Beach, California",,26,False
Jordan Dorsey,,,0,0,Male,"LaPlace, Louisiana",,21,False
Tim Halperin,https://music.youtube.com/channel/UCq8EXqFRF6cS2AvmCDbBZZg,https://musicbrainz.org/artist/36861171-a32d-414e-945e-fe9c07f84d5b,2541209,142,Male,"Fort Worth, Texas",pop,23,False
Phillip Phillips,https://music.youtube.com/channel/UCaQZn0FaMLJrImJIJqw3zvQ,https://musicbrainz.org/artist/838483d3-a803-4194-9754-ad634fba8553,54273406,5690,Male,"Leesburg, Georgia","pop, pop rock",21,False
Jessica Sanchez,https://music.youtube.com/channel/UCPWghLVSbQfa3k0vxItQQtQ,https://musicbrainz.org/artist/fdfc7c9b-e1a2-427c-99ec-c03fcdab0a75,404831,15800,Female,"Chula Vista, California",soul,16,False
Joshua Ledet,https://music.youtube.com/channel/UC5xv7wJDiUZE3G601GKqPXw,https://musicbrainz.org/artist/bb3446c8-e83f-4ded-86c9-a1d6e8c0b6a7,63383,2250,Male,"Westlake, Louisiana",soul,18,False
Hollie Cavanagh,https://music.youtube.com/channel/UCxdKKdktvhKw0MuISt3UM0Q,https://musicbrainz.org/artist/3ebed54d-e665-45c7-8101-23cac7e2d98f,3333,327,Female,"McKinney, Texas (season 10)",,17,False
Skylar Laine,,,0,0,Female,"Brandon, Mississippi",,18,False
Elise Testone,https://music.youtube.com/channel/UCVQHTraDlRGfWRdtwWELoDg,https://musicbrainz.org/artist/c6574754-8c7a-4312-a555-a9127feb5a2b,28856,256,Female,"Charleston, South Carolina","rock, blues, funk, jazz, soul",28,False
Colton Dixon,https://music.youtube.com/channel/UCRUIwTbV5zDPEE1vdvz4x9Q,https://musicbrainz.org/artist/8dc45c07-80ab-4cc6-8ef6-f0bf5489eb8e,24469916,2370,Male,"Murfreesboro, Tennessee",,19,False
DeAndre Brackensick,https://music.youtube.com/channel/UCdIjmkhrOo9vlqNuWEAZCUA,https://musicbrainz.org/artist/d21cb65b-19ea-49e2-91f5-d0704b4173bb,823232,2330,Male,"San Jose, California",,16,False
Heejun Han,https://music.youtube.com/channel/UCjNvo837fvtmIoVuLcQgy0w,https://musicbrainz.org/artist/2a117540-9261-4694-9b7f-2448c4e7a6d4,5054669,2060,Male,"Flushing, New York",,22,False
Erika Van Pelt,,,0,0,Female,"South Kingstown,Rhode Island",,26,False
Shannon Magrane,https://music.youtube.com/channel/UCazmTjdIDTHY8IFJfh_L4XA,https://musicbrainz.org/artist/4aff45e4-d78a-4f90-a144-03fd31af5afe,2479,37,Female,"Tampa, Florida",,15,False
Jermaine Jones,,,0,0,Male,"Pine Hill, New Jersey",,24,False
Jeremy Rosado,https://music.youtube.com/channel/UCnRiWKDKEBjABptnvUB7eTw,https://musicbrainz.org/artist/6440a2be-b90d-4040-8d9a-0bbd6ea0fe59,677657,917,Male,"Valrico, Florida",,19,False
Brielle Von Hugel,https://music.youtube.com/channel/UCl-C66K-vZKjJLIfWdAe8UA,https://musicbrainz.org/artist/50cfead5-1e26-4d95-aa3a-bc75f1b188ea,16401327,6840,Female,"Staten Island, New York",,16,False
Jen Hirsh,https://music.youtube.com/channel/UCHAvDlLSGPVLcKN_KacjRuw,https://musicbrainz.org/artist/eb14f611-4b04-4492-a60b-843786b4726b,891591,582,Female,"Manhattan, New York (season 9), Agoura Hills, California (season 11)",,22,False
Reed Grimm,,,0,0,Male,"Ellesworth, Wisconsin",,26,False
Baylie Brown,,,0,0,Female,"Krum, Texas (season 6), Nashville, Tennesee (season 11)",,16,False
Chelsea Sorrell,https://music.youtube.com/channel/UCGx3ycu8N5DXJsPlYssk5EQ,,2073,22,Female,"Stokesdale, North Carolina",,23,False
Haley Johnsen,https://music.youtube.com/channel/UCgsLnyNhf9S4V0GdJ7FKsxw,https://musicbrainz.org/artist/fd2d0d79-7ff9-42eb-a347-7b18d5698983,29453,10,Female,"Beaverton, Oregon",,22,False
Hallie Day,https://music.youtube.com/channel/UCTHQjFtwB74KjAxC7icn1Vg,,15578,166,Female,"Baltimore, Maryland",,24,False
Aaron Marcellus,https://music.youtube.com/channel/UCh3DndX2qNisno0IwV2isbw,https://musicbrainz.org/artist/6bbb800e-a588-4e27-bef9-c16e554f31bb,8629,61,Male,"Teaneck, New Jersey",,23,False
Adam Brock,https://music.youtube.com/channel/UC9PPONy14zFlPH2kN7ApGcg,https://musicbrainz.org/artist/40c21ab2-8a4a-48d7-81c8-0ba5282f513b,15751,166,Male,"Washington, Pennsylvania",,27,False
Chase Likens,https://music.youtube.com/channel/UCnAwu47GbgDxaEcR14_7AuA,,7020,0,Male,"Point Pleasant, West Virginia",,20,False
Creighton Fraker,https://music.youtube.com/channel/UCbJQeMw5GNb5qSuVog4ydrg,,22550,96,Male,"Queens, New York",,28,False
Eben Franckewitz,https://music.youtube.com/channel/UCBbMJTQHLf2DVS9gYyEgWWA,https://musicbrainz.org/artist/8fa3f2e9-6d9d-47fd-bce6-38d3fa4b1450,44409,208,Male,"Milford, Ohio",,15,False
Candice Glover,https://music.youtube.com/channel/UCIZeU04LGk6_HSLHXoiybzA,https://musicbrainz.org/artist/e502b863-c08b-41f4-9fde-bd18fbea2935,27889,2650,Female,"Beaufort, South Carolina (season 9), St. Helena Island, South Carolina (season 12)",,20,False
Kree Harrison,https://music.youtube.com/channel/UCnYZnrjynD5Xk7S6fKDpWPQ,https://musicbrainz.org/artist/4543fadc-0b5d-441c-bbd6-d16556dc3282,82129,508,Female,"Woodville, Texas",,22,False
Angie Miller,https://music.youtube.com/channel/UCfdyfcs8H7mOWQEEiBzztpA,https://musicbrainz.org/artist/8ff28d0d-2dbe-4a48-a190-d4ffe6165a42,40397,965,Female,"Beverly, Massassuchetts",,17,False
Amber Holcomb,,https://musicbrainz.org/artist/117842c1-69e4-44ed-bf64-99336a4ffdf7,0,0,Female,"Houston, Texas",,18,False
Janelle Arthur,https://music.youtube.com/channel/UCHQMWPhr1bH6Vx0dcCIbnYw,https://musicbrainz.org/artist/8d3301f9-763e-4727-a70a-660ae406125b,74254,236,Female,"Oliver Springs, Tennessee (season 10, season 12)",,20,False
Lazaro Arbos,https://music.youtube.com/channel/UCXF5HBXKi4M8JAkQn2048fg,Lazaro Arbos - MusicBrainz,68243,1290,Male,"Naples, Florida",,21,False
Burnell Taylor,,,0,0,Male,"New Orleans, Louisiana",,19,False
Devin Velez,https://music.youtube.com/channel/UC0M_qx-dMQuGIrDRa2pok-w,https://musicbrainz.org/artist/938961e8-f286-4609-8916-f4c3ad75e7bd,499971,1370,Male,"Chicago, Illinois",,18,False
Paul Jolley,https://music.youtube.com/channel/UCtV-zi3i9byNkLuX5RPp6Zg,https://musicbrainz.org/artist/2fa3737b-6bcf-40bf-81de-09e49c5d247f,419,5,Male,"Orlando, Florida",,22,False
"Curtis Finch, Jr.",https://music.youtube.com/channel/UCl1cTQ8_egRF2R1lwHZS0gg,https://musicbrainz.org/artist/fc0bbe1d-3e88-477f-b6dd-9f8c4ae88e4c,119907,642,Male,"St. Louis, Missouri",,23,False
Aubrey Cleland,https://music.youtube.com/channel/UC6V7aT4781E0YbwZ_Pl9-pg,,159,2,Female,"West Rinn, Oregon",,16,False
Charlie Askew,,https://musicbrainz.org/artist/161aff34-7d6b-4c5c-bbb7-21fe1b53c0d2,0,0,Male,"Little Rock, Arkansas",,17,False
Adriana Latonio,,,0,0,Female,"Anchorage, Alaska",,17,False
Breanna Steer,https://music.youtube.com/channel/UCX2J2tqozfn601aPLQuZCwA,,142,3,Female,"LaPlace, Louisiana",,18,False
Tenna Torres,https://music.youtube.com/channel/UCuqU7PdnOIVFx8ianGf6_3w,Tenna Torres - MusicBrainz,325,9,Female,"Queens, New York",,27,False
Zoanette Johnson,,,0,0,Female,"Tulsa, Oklahoma",,19,False
Cortez Shaw,https://music.youtube.com/channel/UCu65pa8y9Pkjk0qP4ohbrKQ,,5,3,Male,"Garland, Texas (season 11); Dallas, Texas (season 12)",,20,False
Elijah Liu,https://music.youtube.com/watch?v=kW9D3j1kvCY,,0,0,Male,"Rowland Heights, California",,17,False
Nick Boddington,https://music.youtube.com/channel/UCvK0x8gYsJ-h79-3J3jk4ZA,https://musicbrainz.org/artist/c2409c2f-797f-443c-b397-1ab80ac9f180,90,2,Male,"New York, New York (season 11); Memphis, Tennessee (Season 12)",,26,False
Vincent Powell,https://music.youtube.com/channel/UC7C7S-FBzxAv-Rb2JKCKgCw,,17353,136,Male,"Austin, Texas",,28,False
Caleb Johnson,https://music.youtube.com/channel/UChPaHMAl0IDsOOfgWHKg5hw,https://musicbrainz.org/artist/4ff5d5ad-4abf-4673-b1dc-34439030e2a1,161250,492,Male,"Asheville, North Carolina",,19,False
Jena Irene,https://music.youtube.com/channel/UCoVhFADuTe1GjOgkqbMIg5w,,146365,716,Female,"Farmington Hills, Michigan",,17,False
Alex Preston,https://music.youtube.com/channel/UCF53882i4aOkp3qVTvav-GA,,124969,15,Male,"Mont Vernon, New Hampshire",,20,False
Jessica Meuse,https://music.youtube.com/channel/UClapcW6kQBR_ZeGsO5ofTDw,https://musicbrainz.org/artist/bb54e101-7467-4ac0-b246-d1c7627583a9,25292,409,Female,"Slapout, Alabama",,23,False
Sam Woolf,https://music.youtube.com/channel/UCH1A0jE0aDCXu21SrKjU6Ig,Sam Woolf - MusicBrainz,56264,28,Male,"Bradenton, Florida",,17,False
C.J. Harris,https://music.youtube.com/channel/UCRie1QkBgeSz-w7bAUaLYnQ,C.J. Harris - MusicBrainz,23278,155,Male,"Jasper, Alabama",,23,False
Dexter Roberts,https://music.youtube.com/channel/UC8ewy9UZwl-OYyn06NXzN0Q,https://musicbrainz.org/artist/f912a12c-b959-4246-b328-d0f101a3e3f5,124932,231,Male,"Fayette, Alabama",,22,False
Malaya Watson,https://music.youtube.com/channel/UCqVaBhg3HDfUIuq1011UY7w,https://musicbrainz.org/artist/6fd57f5f-282d-49b3-9873-664253da3895,12506,171,Female,"Southfield, Michigan",soul,16,False
Majesty Rose,https://music.youtube.com/channel/UC0vSPDV9rLCB22vi1dd_sJA,https://musicbrainz.org/artist/505338d8-b7c6-4d60-9560-ea02b8c6094f,11258,405,Female,"Goldsboro, North Carolina",,21,False
MK Nobilette,https://music.youtube.com/channel/UC5oPGcnV-IlVLPuDWUuo_Eg,https://musicbrainz.org/artist/759af5b0-3eaf-4406-acd2-087772db74d8,2887,79,Female,"San Francisco, California",,20,False
Ben Briley,https://music.youtube.com/channel/UCmCGYeo6inHoJSv9L-3cHnQ,,491,4,Male,"Gallatin, Tennessee",,24,False
Emily Piriz,https://music.youtube.com/search?q=emily+piriz+american+idol,https://musicbrainz.org/artist/445f5f32-00ff-4199-86c3-712b855a496b,0,0,Female,"Orlando, Florida",,18,False
Kristen O'Connor,https://music.youtube.com/channel/UCqELMQ-orb1Iey1lpPeiUsg,,510746,3740,Female,"Sebastian, Florida",,24,False
Bria Anai,https://music.youtube.com/channel/UC2ata9w87gOElWFoycsABTA,,3594,6,Female,"Lithonia, Georgia",,15,False
Spencer Lloyd,https://music.youtube.com/channel/UCcMpSGfqN9qaLCSSdXCHnrg,,2744,2,Male,"Bryant, Arkansas",,19,False
Briana Oakley,https://music.youtube.com/channel/UCDMr9q-izEmv8poiF7knf8g,,257,2,Female,"Antioch, California",,16,False
Marrialle Sellars,https://music.youtube.com/channel/UC3xDUSNxrFrb4X_-TrIMA8A,,36,0,Female,"Indianapolis, Indiana",,17,False
Emmanuel Zidor,,,0,0,Male,"Miami, Florida",,24,False
George Lovett,https://music.youtube.com/channel/UC4MgV9x9jjV2cCad7MnKtSg,,474218,688,Male,"Baltimore, Maryland",,24,False
Malcolm Allen,https://music.youtube.com/channel/UCR1Xp6lQIHmkt1kUVuYuKbw,,9843,64,Male,"Wrightsville, Arkansas",,21,False
Nick Fradiani,https://music.youtube.com/channel/UC4hHqt6ByzhaOXrMyQkWntA,https://musicbrainz.org/artist/a90c76ab-7b3b-43d9-a676-16f29afcd4d9,384150,179,Male,"Guilford, Connecticut",,28,False
Clark Beckham,https://music.youtube.com/channel/UCymijh71bx8jiMkaWAFrkpA,https://musicbrainz.org/artist/7403baeb-839c-410a-af6e-69ce4196025f,333791,142,Male,"White House, Tennessee",,22,False
Jax,https://music.youtube.com/channel/UCWY70xrTYTWuRgP24bf-Wfg,https://musicbrainz.org/artist/91450f97-d44a-4364-acf4-882433df30a8,91011653,662,Female,United States,"pop, power pop, teen pop",,True
Rayvon Owen,https://music.youtube.com/channel/UCWxCwrL_uguAL4wQUn9Vzaw,https://musicbrainz.org/artist/a1644872-fd16-4248-9b33-e60be9b7069d,100694,456,Male,"Richmond, Virginia",pop,23,False
Tyanna Jones,https://music.youtube.com/channel/UCqu5gryt_pjGlePixBAhTkA,https://musicbrainz.org/artist/5558a012-2536-4dee-b90f-8023ca9e7626,2776,33,Female,"Jacksonville, Florida",,16,False
Quentin Alexander,https://music.youtube.com/channel/UCBRIM59zpFbqz623IH81l6Q,https://musicbrainz.org/artist/ec102f21-3488-46ca-b3db-0ae02a044486,2385,77,Male,"New Orleans, Louisiana",,20,False
Joey Cook,https://music.youtube.com/channel/UCr2J_OCFVpyCT6HJmcgfSog,https://musicbrainz.org/artist/d31e4d5f-5b9f-42c1-a569-f22a8e2ddee5,13055,44,Female,"Woodbridge, Virginia",,23,False
Qaasim Middleton,https://music.youtube.com/channel/UCBPsf-_wpX_J3NAQM5danfw,https://musicbrainz.org/artist/460c3073-553e-4545-bd96-b1c74845a19b,623,29,Male,"Brooklyn, New York",,18,False
Daniel Seavey,https://music.youtube.com/channel/UCoj1fXtn68j4Au5pjDb7_dg,https://musicbrainz.org/artist/2cd3351e-00ec-41c3-8e2b-a8483a846400,3475927,3080,Male,"Portland, Oregon",pop,15,False
Adanna Duru,https://music.youtube.com/channel/UCulfKSiceJ3F6qx3M21ECqQ,https://musicbrainz.org/artist/ffef4a25-1932-439d-95e1-94e3b17bda07,42125,339,Female,"Diamond Bar, California",,17,False
Maddie Walker,https://music.youtube.com/channel/UC4GMYmE1T5cmGsingKk6y0A,https://musicbrainz.org/artist/7c860349-4438-4785-b6cc-464957f48ce5,583,29,Female,"Ankeny, Iowa",,15,False
Sarina-Joi Crowe,https://music.youtube.com/channel/UCuP2nCpHD9IhgY-2l_tDzfA,https://musicbrainz.org/artist/58e648eb-5204-4512-bbff-24aaca590c6f,7820,119,Female,"Columbia, Tennessee",,15,False
Alexis Gomez,https://music.youtube.com/channel/UC5BHl_wuv9ZhWTcxMexuWmA,https://musicbrainz.org/artist/90c89181-e109-4593-af11-718674b7cdd3,8126,91,Female,"Dayton, Ohio",,22,False
Loren Lott,,,0,0,Female,"San Diego, California",,21,False
Adam Ezegelian,https://music.youtube.com/channel/UCWM3mNYflE6bThpvn8YknxQ,https://musicbrainz.org/artist/3a73cac1-f804-4d70-a972-060ad4ba3367,213441,4170,Male,"Wantagh, New York",,20,False
Mark Andrew,https://music.youtube.com/channel/UCekzR7GZ8EyxtvZbTJlT7dA,https://musicbrainz.org/artist/66a5292e-f5cf-451d-b354-394aa5a6c7c5,2757,11,Male,"Minneapolis, Minnesota",,29,False
Katherine Winston,https://music.youtube.com/channel/UCLwg2YW3tC4UiXW_l7ka_1w,,1241,4,Female,"Lenox, Massassuchetts",,18,False
Lovey James,https://music.youtube.com/channel/UCkf1jd55ymnp2dT8NGqefsQ,https://musicbrainz.org/artist/ff580b16-91e2-458e-b506-ef908d266860,239648,44,Female,"Portland, Oregon",,16,False
Shannon Berthiaume,,,0,0,Female,"St. Paul, Minnesota",,17,False
Shi Scott,,,0,0,Female,"Belcamp, Maryland",,19,False
Michael Simeon,https://music.youtube.com/channel/UCZI8dBCd5UQKXtZf5qqa2WA,,1248,24,Male,"Lumberton, Mississippi",,19,False
Riley Bria,,,0,0,Male,"Springhill, Tennessee",,17,False
Savion Wright,,https://musicbrainz.org/artist/cab00379-6a8b-4490-b480-828f6f42a089,0,0,Male,"Jasper, Texas",,21,False
Trevor Douglas,https://music.youtube.com/channel/UCByN0A_WPXSorKGSGrU0l9g,,3340,123,Male,"Fort Worth, Texas",,16,False
Trent Harmon,https://music.youtube.com/channel/UCFXk6AVXv9ruNtNYRfif-mQ,https://musicbrainz.org/artist/6cd12268-83a0-44fc-8702-5c49e0bd32fe,606227,174,Male,United States,,31,False
La'Porsha Renae,https://music.youtube.com/channel/UCw2UqsR6dLkaqnMjoRSxIUw,https://musicbrainz.org/artist/8da01f5f-12b2-4803-a773-6e00fa87c8ab,3936896,9300,Female,United States,,,True
Dalton Rapattoni,https://music.youtube.com/channel/UCeZoNX_weOQH-lNI18_7phQ,https://musicbrainz.org/artist/10bbb34e-c55c-4322-b51b-1bea5b492e99,88658,801,Male,United States,,,True
MacKenzie Bourg,https://music.youtube.com/channel/UCoE2ypqxuyJ4zL_x1EVvP9A,https://musicbrainz.org/artist/d84196a8-87df-4392-b9be-639475e68f33,192568,994,Male,United States,,,True
Sonika Vaid,https://music.youtube.com/channel/UCGP8buy8S0zR40ra2YYM1RQ,https://musicbrainz.org/artist/18252cbc-e791-4523-947a-727a50079ad1,4762,272,Female,United States,,,True
Tristan McIntosh,https://music.youtube.com/channel/UC3zdaRJX_q0hbMESFNA3A-w,https://musicbrainz.org/artist/6b392b46-1f33-4a26-81b3-18ada41d33c9,4660,211,Female,United States,,,True
Avalon Young,https://music.youtube.com/channel/UCCfjlM2hLISYHLeWZLyMKow,https://musicbrainz.org/artist/f1b9e23a-d746-4d8c-9fe5-86a627be52e4,348216,182,Female,United States,,21,False
Lee Jean,,,0,0,,,,22,False
Gianna Isabella,https://music.youtube.com/channel/UCO9ZURuAYnKH1JQPA5boHhA,,34382,0,,,,22,False
Olivia Rox,https://music.youtube.com/channel/UCY1PNX-HZaq4Pzg3hdqRyEw,https://musicbrainz.org/artist/1870aa63-1c4d-461a-864d-c22dcabdd565,11403,140,Female,,,22,False
Jeneve Rose Mitchell,https://music.youtube.com/channel/UCF6Ar04WdkzzbpNmpXUbDHg,https://musicbrainz.org/artist/c738e5de-a47b-4caf-ad48-fa0dd4c436ee,66065,484,Female,"West Elk Wilderness, Colorado",,15,False
Jenn Blosil,https://music.youtube.com/channel/UCt3Htm3IBZAzI2OLXL8Lp0g,https://musicbrainz.org/artist/b61920ec-150a-4dad-8372-09034e44c194,804,288,Female,"Utah,United States",,,True
Manny Torres,https://music.youtube.com/channel/UCJ2c_bTbWPCkpMXNZ2ZVQBg,https://musicbrainz.org/artist/de262560-431a-497a-a1dd-ee6724676517,25416,50,Male,United States,,,True
Thomas Stringfellow,https://music.youtube.com/channel/UC8G9ynR9hIHJQU9GjohM1Og,,1859,20,,,,,True
Amelia Eisenhauer,https://music.youtube.com/channel/UCnYseN0n7QX_4okcOaznK_A,,785,9,Female,"Kingston Springs, Tennessee",,16,False
Emily Brooke,https://music.youtube.com/channel/UCv5XtuA4U59GC9Pn9SkEkZg,https://musicbrainz.org/artist/b9887cc7-8b31-465a-81e7-b5f81d315022,104038,247,Female,,,,True
Jenna Renae,https://music.youtube.com/channel/UCFPfJHQ45HOKpJKAz-d8aRQ,,194,19,Female,"Williamson, New York",,23,False
Shelbie Z,,,0,0,,,,,True
Stephany Negrete,https://music.youtube.com/channel/UC4jzixPndFZxNrHyXUL0fVg,,38,4,,,,,True
Adam Lasher,https://music.youtube.com/channel/UCDNH3Kvx0YWGYeAJIma0wCg,,4589,23,Male,"Danville, California",,27,False
C.J. Johnson,https://music.youtube.com/channel/UCd_maZ4iieDGvUu4m2V-IMw,https://musicbrainz.org/artist/459915b5-1ffc-46b9-9ed4-0b0ef431cfd4,108604,250,,,,,True
James VIII,,,0,0,,,,,True
Jordan Sasser,https://music.youtube.com/channel/UCW1wAPafOAgnK6RHUFTIKAw,https://musicbrainz.org/artist/bb519f56-613e-415f-8884-250c3f4068a1,811807,3130,Male,"Duluth,Georgia,United States",,,True
Kory Wheeler,https://music.youtube.com/channel/UCgjAh7wetNGuDad6DKDGrFA,,23407,70,Male,"Jamestown, Tennessee",,26,False
Maddie Poppe,https://music.youtube.com/channel/UCy61QTbo4lefdLNQyZysXBw,https://musicbrainz.org/artist/9ca48eaf-4090-4c26-a10a-26595de04433,2348760,1360,Female,"Clarksville, Iowa",,19,False
Caleb Lee Hutchinson,https://music.youtube.com/channel/UCRBWADqj3C_0EopSLDxw2mw,https://musicbrainz.org/artist/c3474771-dbeb-46f6-8877-cc4098cd2791,1076067,3970,Male,"Dallas, Georgia",,18,False
Gabby Barrett,https://music.youtube.com/channel/UCsYKB_bDQYEWVopjS64mwog,https://musicbrainz.org/artist/b779262a-e5c0-4ca1-b412-e2fbb5ea7318,145918095,3250,Female,"Pittsburgh, Pennsylvania","country, contemporary country, country pop",17,False
Cade Foehner,https://music.youtube.com/channel/UCoVPGnk_kvQgqozj9AHt2ag,https://musicbrainz.org/artist/34c93350-2f96-4287-acca-fe0e24197057,110461,1730,Male,"Shelbyville, Texas",,21,False
Michael J. Woodard,https://music.youtube.com/channel/UCeMnnMSYeMLIftH527uoFVg,https://musicbrainz.org/artist/abb4e0b8-de04-4e48-a523-cf050c66bd36,1889462,1270,Male,"Philadelphia, Pennsylvania",,23,False
Catie Turner,https://music.youtube.com/channel/UCWzwaz0Lro5lrG1Wiz4v-Bw,https://musicbrainz.org/artist/b25a2d42-0fec-40b2-add3-1e054f8998cc,5140401,7170,Female,"Langhorne, Pennsylvania",,17,False
Jurnee,,,0,0,Female,"Denver, Colorado",,16,False
Michelle Sussett,https://music.youtube.com/channel/UCfMiOu9cBJEFnkG-M6QS1xw,,8334,21,Female,"Miami, Florida",,22,False
Ada Vox,https://music.youtube.com/channel/UCu3HIlUCV0IwxBasAdzBpzw,,17957,646,Male,"San Antonio, Texas",,19,False
Dennis Lorenzo,https://music.youtube.com/search?q=dennis+lorenzo,https://musicbrainz.org/artist/575ddd02-c59c-4fa9-996b-0e365fd232e8,0,0,Male,"Philadelphia, Pennsylvania",,26,False
Mara Justine,https://music.youtube.com/channel/UCiO4TE4wa8hz0aP8BVTeesQ,https://musicbrainz.org/artist/6d2a8452-8b8d-4622-acd4-4aa6202eac49,0,252,Female,"Galloway, New Jersey",,15,False
Garrett Jacobs,https://music.youtube.com/channel/UCAdYoRsuTQ6QNxrj0ZIpJwg,,57384,375,Male,"Bossier City, Louisiana",,17,False
Jonny Brenns,https://music.youtube.com/channel/UComLPrAkqjL0nIujkVPlR1w,,36077,84,Male,"Saint Augustine, Florida",,18,False
Marcio Donaldson,https://music.youtube.com/channel/UCIb-JBL5muBE4u5BQa3EU0w,https://musicbrainz.org/artist/a7f765de-922c-4b9b-bbdd-1bc7b2482409,23258,628,Male,"Compton, California",,28,False
Alyssa Raghu,named already below,,0,0,Female,"Orlando, Florida",,15,False
Amelia Hammer Harris,,,0,0,Female,"Lexington, Kentucky",,26,False
Effie Passero,https://music.youtube.com/channel/UClywxNlc0MZVwGFWmHjrp1g,https://musicbrainz.org/artist/d4e71922-b9cc-4986-b5cc-425fa873eb10,1741,765,Female,"Modesto, California",,26,False
Kay Kay Alexis,,,0,0,,,,,True
Layla Spring,https://music.youtube.com/channel/UC2Bev8tJAa2t--lZ6Jii8Lw,,10380,39,Female,"Marion County, Kentucky",,16,False
Shannon O'Hara,https://music.youtube.com/channel/UCCjynDeumPbA1eJ6rG6evsA,,2319,33,Female,"Mooresville, North Carolina",,17,False
Brandon Diaz,https://music.youtube.com/channel/UCcQJYibhZkj-knK590dX50Q,,2642,32,Male,"Ashburn, Virginia",,21,False
Dominique Posey,,,0,0,Male,"Birmingham, Alabama",,26,False
Ron Bultongez,https://music.youtube.com/channel/UCrCus3JmL1zkYb5YpRgcG5w,,13307,114,Male,"Plano, Texas",,21,False
Trevor McBane,https://music.youtube.com/channel/UCtuRYq1O9AbkEBO0CtqqyrQ,,2784,176,Male,"Savanna, Oklahoma",,22,False
Laine Hardy,https://music.youtube.com/channel/UC0-mQswucd1q-gEmZtJgR5g,https://musicbrainz.org/artist/26e3b8be-7232-4d21-9d47-5f4930232373,8829152,12200,Male,"Livingston, Louisiana (season 16)",,17,False
Alejandro Aranda,https://music.youtube.com/channel/UCWH_ElgFG_BjZgzdSwN1I7g,https://musicbrainz.org/artist/f2b9c068-52bb-4ff3-9bec-cc02e4896cb2,3348860,6780,Male,"Pomona, California",,24,False
Madison VanDenburg,https://music.youtube.com/channel/UCrRkUFW2m5QGK6D8AtL11LQ,https://musicbrainz.org/artist/c81e5dd5-8083-401d-8e39-5f7648d50b20,3174,412,Female,"Cohoes, New York",,16,False
Laci Kaye Booth,https://music.youtube.com/channel/UCOA0j96LO9CcP9XXc37nq4A,https://musicbrainz.org/artist/1e535906-673f-413b-b540-666714e760b3,498394,2320,Female,"Livingston, Texas",,23,False
Wade Cota,https://music.youtube.com/channel/UCWvbcDhD2bXRNGSe8exyy7w,https://musicbrainz.org/artist/1ea11dd4-482e-43b8-acaa-e57a8a4821b1,60675,820,Male,"Phoenix, Arizona",,27,False
Jeremiah Lloyd Harmon,https://music.youtube.com/channel/UCXQT76BD6EsNpnRVlidkIMA,https://musicbrainz.org/artist/cbc44e7f-2a6f-4ef7-9121-ab4755b38609,234180,3250,Male,"Catonsville, Maryland",,25,False
Alyssa Raghu,https://music.youtube.com/channel/UCpa7tLZK0Fq3QQHyeE2gAaw,https://musicbrainz.org/artist/a57218e3-dad8-4280-aaa0-2dcbece6128a,50359,1220,Female,"Orlando, Florida",,15,False
Walker Burroughs,https://music.youtube.com/channel/UC5q2k_gGRnE8OVtoQgExWOw,https://musicbrainz.org/artist/c1a39964-094a-43ac-b8a0-40967761b5bc,33465,708,Male,"Birmingham, Alabama",,20,False
Dimitrius Graham,https://music.youtube.com/channel/UCADxSLj3lpprEVdSFvb-U9A,,2030,53,Male,"Baltimore, Maryland",,27,False
Uché,,https://musicbrainz.org/artist/516fd6cd-825d-4dfd-87d3-8ea954de6ba6,0,0,,,,,True
Ashley Hess,https://music.youtube.com/channel/UCjUJqKK1fzJTK-vSQFhqZSQ,https://musicbrainz.org/artist/69f30223-0fe8-4860-a865-e37a48cdb83b,390252,5670,Female,"Fremont, California",,27,False
Evelyn Cormier,https://music.youtube.com/channel/UC6QedjwRMMQp8BZiidJkcjA,https://musicbrainz.org/artist/5029c8c4-834e-44cc-8267-159dc3a069fb,11409,522,Female,"Claremont, New Hampshire",,19,False
Riley Thompson,https://music.youtube.com/channel/UCy6aqgkprddfe7gD5pLTBbQ,https://musicbrainz.org/artist/ecfeacaf-0399-470f-8207-d1c646569fd0,263,19,Female,"Mabank, Texas","folk, rock, folk rock",16,False
Eddie Island,https://music.youtube.com/channel/UCh4Wk90gAuMMUgPnv5gBdkg,,77824,278,Male,"Nashville, Tennessee",,25,False
Bumbly,,,0,0,Female,"New York, New York",,27,False
Kate Barnette,https://music.youtube.com/channel/UCZwPlaQDZpGFaC5JNny5Fjw,,10491,18,Female,"Kennesaw, Georgia",,23,False
Raquel Trinidad,https://music.youtube.com/channel/UCs-CwX5-a56OE286n8IOjkw,,16470,261,Female,"Tampa, Florida",,20,False
Logan Johnson,https://music.youtube.com/channel/UC2UFfzkJAgOJ7lc5tXvL-Tg,,71960,95,Male,"Boise, Idaho",,20,False
Ryan Hammond,,,0,0,Male,"Modesta, California",,25,False
Shawn Robinson,https://music.youtube.com/channel/UCEx3CjCCa2cT0-nRX9kF0HQ,,17355,21,Male,"Atlanta, Georgia",,21,False
Just Sam,https://music.youtube.com/channel/UC-Q3nahOHukgQm3oBdmgb4Q,https://musicbrainz.org/artist/88492e4d-25f6-4a70-bc87-940cb062dbc2,96400,1060,Non-Binary,"Harlem, New York",,21,False
Arthur Gunn,https://music.youtube.com/channel/UCNFUZoVQzPZxUAgl8LfBpvw,https://musicbrainz.org/artist/5941faa8-4df7-4260-aa1b-148bd9b1306e,4895590,41400,Male,"Wichita, Kansas",,22,False
Dillon James,https://music.youtube.com/channel/UCW2iL6ciX7RiirK_kI-0R_g,,412853,1590,Male,"Bakersfield, California",,27,False
Francisco Martin,https://music.youtube.com/channel/UC6kw4Dk5Nnx0L0pWiBLejYg,https://musicbrainz.org/artist/0de3e35a-d59b-4773-8b82-56c09ca84ab3,178649,1510,Male,"San Francisco, California",,18,False
Jonny West,https://music.youtube.com/channel/UCx8-oy5KIwZy5VIMf2mnTZg,https://musicbrainz.org/artist/b6ff2556-4d0f-4d51-9b8a-5475b384e01b,6825,6,Male,"Murrieta, California",,23,False
Julia Gargano,https://music.youtube.com/channel/UCLdmaDzmkUqijcZEAUeJ_yQ,https://musicbrainz.org/artist/8549b7bf-83fa-40ff-b6d0-32d6d9b4cff0,6546,116,Female,"Staten Island, New York",,21,False
Louis Knight,https://music.youtube.com/channel/UCo7hQUMgYnoO22QVbP3hsSA,,446043,2250,Male,"Philadelphia, Pennsylvania",,20,False
Grace Leer,https://music.youtube.com/channel/UCwHP1fcqFN5oPXUFje7gjaw,https://musicbrainz.org/artist/159f4455-c93f-478b-a6c6-aad15729cc81,1938454,110,Female,"Nashville, Tennessee",,27,False
Makayla Phillips,https://music.youtube.com/channel/UCXH38sWWAvb3Q1VA_3hjlUA,https://musicbrainz.org/artist/eaca8a16-a25d-4bc0-8b80-3c00d1a0ac11,18741225,11300,Female,"Temecula, California",,17,False
Sophia James,,,0,0,Female,"Long Beach, California",,20,False
Jovin Webb,https://music.youtube.com/channel/UCsC9P8TPXW-9kUSFwyj2y1w,,31592,201,Male,"Gonzales, Louisiana",,29,False
Aliana Jester,,,0,0,Female,"Tampa, Florida",,18,False
Cyniah Elise,https://music.youtube.com/channel/UCmDGZDGs6nRi1ztVJ0UZmZQ,,4698,18,Female,"Atlanta, Georgia",,17,False
Faith Becnel,https://music.youtube.com/channel/UC928XwrBt9FoT7Gk6eAb5BA,,14460,130,Female,"Destrehan, Louisiana",,20,False
Kimmy Gabriela,https://music.youtube.com/channel/UCcKnI8BUoc1Mn3YRE38gaYg,,6078,162,Female,"Lakeland, Florida",,17,False
Lauren Spencer-Smith,https://music.youtube.com/channel/UCkQxzenK_1HwQyteoaZL_gw,https://musicbrainz.org/artist/0a727c70-cb97-4e3d-a973-219a0575349c,111455650,29700,Female,"Port Alberni, Vancouver Island,British Columbia, Canada",,20,False
Olivia Ximines,,,0,0,Female,"Menifee, California",,17,False
Dewayne Crocker Jr.,,,0,0,,,,,True
Franklin Boone,https://music.youtube.com/channel/UC9KX7W8-WBYdQfmwfZt4dqQ,,1055,4,Male,"Durham, North Carolina",,27,False
Nick Merico,https://music.youtube.com/channel/UC_Adt4atGVwR_Jn5CrmYJSg,,76276,2040,Male,"Miami, Florida (Season 17); Woodland Hills, California (Season 18)",,22,False
